mashgiachId,hechsherId
"m_558de56a3d26e4","h_1cb26ba92e6d2e"
"m_3b29038d3a2a2a","h_1cb26ba92e6d2e"
"m_2ffa32eeeef560","h_1cb26ba92e6d2e"
"m_02abf4fe1844bd","h_1cb26ba92e6d2e"
"m_312a860ddb1e9c","h_1cb26ba92e6d2e"
"m_5d555e984bc7d7","h_1cb26ba92e6d2e"
"m_6d68bf81be7ac0","h_1cb26ba92e6d2e"
"m_62202c251ed2c3","h_1cb26ba92e6d2e"
"m_f4f6dcd5592fec","h_1cb26ba92e6d2e"
"m_import_default","h_42b135607c3a54"
"m_import_default","h_0dc7b871049d03"
"m_import_default","h_943fe3047147c3"
"m_import_default","h_7c3ca4f927a2da"
"m_075e4ef90a93b7","h_d6e6f7efe6c151"
"m_01a087c528e14f","h_d6e6f7efe6c151"
"m_c589bcbd86aaaa","h_d6e6f7efe6c151"
"m_cef6ac9eb6ed48","h_d6e6f7efe6c151"
"m_5d90b0c3a1499c","h_d6e6f7efe6c151"
"m_71d1d900bc9e16","h_d6e6f7efe6c151"
"m_cda8a847a3ed1a","h_d6e6f7efe6c151"
"m_8a29f33b7d8e2d","h_d6e6f7efe6c151"
"m_2e0031d1b146c8","h_d6e6f7efe6c151"
"m_0cd22659e36f61","h_d6e6f7efe6c151"
"m_cd7381ad9691c7","h_d6e6f7efe6c151"
"m_e946a4bd3980f1","h_d6e6f7efe6c151"
"m_b0997a267384d1","h_d6e6f7efe6c151"
"m_dd732c42d654c4","h_d6e6f7efe6c151"
"m_9e029671efb580","h_d6e6f7efe6c151"
"m_5d97dd3268844f","h_d6e6f7efe6c151"
"m_f7d9a9e6952fc1","h_d6e6f7efe6c151"
"m_5b6fdb2927ebaf","h_d6e6f7efe6c151"
"m_11c2879f363d29","h_d6e6f7efe6c151"
"m_ba55da318c4230","h_d6e6f7efe6c151"
"m_2c8e37c667e7ef","h_d6e6f7efe6c151"
"m_430f02f608c37e","h_d6e6f7efe6c151"
"m_618e1b22a732da","h_d6e6f7efe6c151"
"m_6e3fb8863938a5","h_d6e6f7efe6c151"
"m_aa35137e731448","h_d6e6f7efe6c151"
"m_f78f0dd5a068f6","h_d6e6f7efe6c151"
"m_8352fc2783045b","h_d6e6f7efe6c151"
"m_4c190560ff9b99","h_d6e6f7efe6c151"
"m_875e5b1e3ca7bb","h_d6e6f7efe6c151"
"m_bfe55b6749a905","h_d6e6f7efe6c151"
"m_ac4d97a5f3cb7a","h_d6e6f7efe6c151"
"m_67adcc5080965c","h_d6e6f7efe6c151"
"m_9148c5c3703b4f","h_d6e6f7efe6c151"
"m_92c6305b1c1737","h_d6e6f7efe6c151"
"m_a82724b0a56728","h_d6e6f7efe6c151"
"m_76e35b8a758a6b","h_d6e6f7efe6c151"
"m_11bebfeda93732","h_d6e6f7efe6c151"
"m_e8d5db778fcbc8","h_d6e6f7efe6c151"
"m_f82465dc19aa36","h_d6e6f7efe6c151"
"m_256cc3595275fc","h_d6e6f7efe6c151"
"m_de414c1ff0fc63","h_d6e6f7efe6c151"
"m_1ebc366f31fd08","h_d6e6f7efe6c151"
"m_eb292a71b8abee","h_d6e6f7efe6c151"
"m_849f530c384e09","h_d6e6f7efe6c151"
"m_d3cd554a871c70","h_d6e6f7efe6c151"
"m_21ec7318ae0624","h_d6e6f7efe6c151"
"m_bdce72f718d2c5","h_d6e6f7efe6c151"
"m_4e15a89ff0a034","h_d6e6f7efe6c151"
"m_f62baba2b3602a","h_d6e6f7efe6c151"
"m_bd3f9130238f89","h_d6e6f7efe6c151"
"m_02d4eb1e6ebd67","h_d6e6f7efe6c151"
"m_3e25c88a1d6d62","h_d6e6f7efe6c151"
"m_ec99dd644a14be","h_d6e6f7efe6c151"
"m_9988d2e1be23c4","h_d6e6f7efe6c151"
"m_e74dcbc0625523","h_d6e6f7efe6c151"
"m_44845440514133","h_d6e6f7efe6c151"
"m_d9eb029b80749c","h_d6e6f7efe6c151"
"m_b7ca9c6337547a","h_d6e6f7efe6c151"
"m_a5ed65fd9cb0d1","h_d6e6f7efe6c151"
"m_e1b1b23820e068","h_d6e6f7efe6c151"
"m_cc8973826d0dcf","h_d6e6f7efe6c151"
"m_850e31f09cf190","h_d6e6f7efe6c151"
"m_26d7b70e8df70f","h_d6e6f7efe6c151"
"m_1cb0f59a814d83","h_d6e6f7efe6c151"
"m_9662baed9a54af","h_d6e6f7efe6c151"
"m_be07d6cee39d23","h_d6e6f7efe6c151"
"m_aa07fed6dcf96a","h_d6e6f7efe6c151"
"m_5e96b34e8438d7","h_d6e6f7efe6c151"
"m_c64be08dba175c","h_d6e6f7efe6c151"
"m_50f394624d726e","h_d6e6f7efe6c151"
"m_b76d3ecce955d5","h_d6e6f7efe6c151"
"m_e0871f9e3b477a","h_d6e6f7efe6c151"
"m_0e7a0d9757e943","h_d6e6f7efe6c151"
"m_0cb435162dbbf6","h_d6e6f7efe6c151"
"m_a5e75228029495","h_d6e6f7efe6c151"
"m_3652bb80fb3c60","h_d6e6f7efe6c151"
"m_3aed45402fdc75","h_d6e6f7efe6c151"
"m_5d3c9ba00289df","h_d6e6f7efe6c151"
"m_0f0cec346eda91","h_d6e6f7efe6c151"
"m_b70f5655ae2948","h_d6e6f7efe6c151"
"m_4c7face9e05bc5","h_d6e6f7efe6c151"
"m_debb77cf86503e","h_d6e6f7efe6c151"
"m_47a1561afc8239","h_d6e6f7efe6c151"
"m_e12473e6e54e14","h_d6e6f7efe6c151"
"m_9811a5c68d2318","h_d6e6f7efe6c151"
"m_5f5e26788cc53d","h_d6e6f7efe6c151"
"m_29aa9bc9d9fbf9","h_cb270691c26978"
"m_29aa9bc9d9fbf9","h_af97830360cdc7"
"m_d8f87ffa2b909a","h_af97830360cdc7"
"m_d8f87ffa2b909a","h_cb270691c26978"
"m_45c0806e925442","h_cb270691c26978"
"m_45c0806e925442","h_af97830360cdc7"
"m_45c0806e925442","h_a4afc4834a0a88"
"m_993e6f7311b31c","h_cb270691c26978"
"m_993e6f7311b31c","h_af97830360cdc7"
